method,metric,num_queries,num_images,mean,ci95_low,ci95_high,dataset
semantic,hit_at_1,5420,458,0.6562730627306274,0.6296291175024582,0.6826708520138195,DOTA-v1.5
semantic,hit_at_5,5420,458,0.8618081180811809,0.8411381263050268,0.8823310958036513,DOTA-v1.5
semantic,hit_at_10,5420,458,0.9136531365313652,0.8962763570893983,0.9303283317697018,DOTA-v1.5
semantic,precision_at_5,5420,458,0.6034071340713418,0.5792265916376523,0.6278353160882515,DOTA-v1.5
semantic,precision_at_10,5420,458,0.5669100333860473,0.5432723032127164,0.5909931544960499,DOTA-v1.5
semantic,recall_at_5,5420,458,0.329586901418566,0.3055441875198834,0.3548809268831261,DOTA-v1.5
semantic,recall_at_10,5420,458,0.5122330250218459,0.4810482302793911,0.5449185994720327,DOTA-v1.5
semantic,ndcg_at_5,5420,458,0.631695147891238,0.6068895342092204,0.656533024311594,DOTA-v1.5
semantic,ndcg_at_10,5420,458,0.6468392742166168,0.6213993125027898,0.6723421258483008,DOTA-v1.5
semantic,object_recall_at_5,5420,458,0.6489014754144691,0.6203187786506128,0.6779411050633504,DOTA-v1.5
semantic,object_recall_at_10,5420,458,0.7731047108142778,0.747022487060562,0.7987982586070614,DOTA-v1.5
prompt,hit_at_1,5420,458,0.6797047970479705,0.6515802105110702,0.7072635511872705,DOTA-v1.5
prompt,hit_at_5,5420,458,0.8649446494464945,0.8428243456140112,0.886433345142261,DOTA-v1.5
prompt,hit_at_10,5420,458,0.9202952029520296,0.902839761704231,0.9369042303373594,DOTA-v1.5
prompt,precision_at_5,5420,458,0.6164329643296432,0.5922617544492546,0.6409241980439259,DOTA-v1.5
prompt,precision_at_10,5420,458,0.5812458267439822,0.5578975249876194,0.6049469215453791,DOTA-v1.5
prompt,recall_at_5,5420,458,0.3342128349890088,0.3101974797547904,0.3595727997495642,DOTA-v1.5
prompt,recall_at_10,5420,458,0.5235904455592689,0.4930245857017486,0.5556730400464329,DOTA-v1.5
prompt,ndcg_at_5,5420,458,0.6479867728200983,0.623304698537511,0.6728829318694386,DOTA-v1.5
prompt,ndcg_at_10,5420,458,0.664626941256006,0.6396730933786885,0.6896226226466232,DOTA-v1.5
prompt,object_recall_at_5,5420,458,0.658527819479701,0.6283601409235301,0.6888905282465786,DOTA-v1.5
prompt,object_recall_at_10,5420,458,0.7854154983689097,0.7593428699850566,0.8110029815440961,DOTA-v1.5
graph,hit_at_1,5420,458,0.7345018450184502,0.7061729447475396,0.7634065062178919,DOTA-v1.5
graph,hit_at_5,5420,458,0.8998154981549815,0.8822875302913478,0.9170937042459736,DOTA-v1.5
graph,hit_at_10,5420,458,0.938560885608856,0.9243679308501572,0.952613374578715,DOTA-v1.5
graph,precision_at_5,5420,458,0.675436654366544,0.6513195729312898,0.7006014560201201,DOTA-v1.5
graph,precision_at_10,5420,458,0.6146222105078191,0.5918277755108426,0.6380774849452303,DOTA-v1.5
graph,recall_at_5,5420,458,0.3722804579878083,0.3481226782344683,0.3978013600515885,DOTA-v1.5
graph,recall_at_10,5420,458,0.5602375592383154,0.5304775745809,0.5912149017267713,DOTA-v1.5
graph,ndcg_at_5,5420,458,0.710918884919188,0.6861085512296996,0.736774421386226,DOTA-v1.5
graph,ndcg_at_10,5420,458,0.7162738664930417,0.691504745130406,0.741645822498802,DOTA-v1.5
graph,object_recall_at_5,5420,458,0.7612685591923913,0.734892123383329,0.7876076313294861,DOTA-v1.5
graph,object_recall_at_10,5420,458,0.8482157896270361,0.8247112198033528,0.8710759046250334,DOTA-v1.5
priver,hit_at_1,5420,458,0.7498154981549815,0.7212747522643422,0.7793804833887454,DOTA-v1.5
priver,hit_at_5,5420,458,0.9092250922509224,0.8907374664047963,0.9274924471299094,DOTA-v1.5
priver,hit_at_10,5420,458,0.9453874538745388,0.9311349206349206,0.9596252560706356,DOTA-v1.5
priver,precision_at_5,5420,458,0.6859532595325949,0.6616330038163747,0.7112732372120307,DOTA-v1.5
priver,precision_at_10,5420,458,0.623976454050255,0.6013129621085426,0.6471773692127938,DOTA-v1.5
priver,recall_at_5,5420,458,0.3790518497847278,0.3549266806015526,0.4046733811636511,DOTA-v1.5
priver,recall_at_10,5420,458,0.5678957492766024,0.5380544523324939,0.5990277378239324,DOTA-v1.5
priver,ndcg_at_5,5420,458,0.7227777902871718,0.6981043935151309,0.7486256792066041,DOTA-v1.5
priver,ndcg_at_10,5420,458,0.7278366823009225,0.7032340011029473,0.7528593618456998,DOTA-v1.5
priver,object_recall_at_5,5420,458,0.7691316157288203,0.7415097194273844,0.7964093569088827,DOTA-v1.5
priver,object_recall_at_10,5420,458,0.8567727053779735,0.8335929954322988,0.8794741858154672,DOTA-v1.5
semantic,hit_at_1,5452,525,0.4794570799706529,0.4547851205455484,0.5046126444041429,SODA-A
semantic,hit_at_5,5452,525,0.7371606749816582,0.7150106952456262,0.7585758702199388,SODA-A
semantic,hit_at_10,5452,525,0.8294203961848863,0.8110481678415898,0.8468105151322325,SODA-A
semantic,precision_at_5,5452,525,0.4375641966250914,0.4165572046183033,0.4585561052042827,SODA-A
semantic,precision_at_10,5452,525,0.4141966250917093,0.3941915008436348,0.4342395642033745,SODA-A
semantic,recall_at_5,5452,525,0.0987433399514994,0.0927729018414267,0.1050762995211467,SODA-A
semantic,recall_at_10,5452,525,0.1768099552544953,0.1679998319218038,0.185960826592694,SODA-A
semantic,ndcg_at_5,5452,525,0.4501425889128172,0.4289182106090613,0.4714338554073021,SODA-A
semantic,ndcg_at_10,5452,525,0.4448807253696322,0.42502932493951,0.4646352956912121,SODA-A
semantic,object_recall_at_5,5452,525,0.3167764798569762,0.301897407341967,0.3318577410173875,SODA-A
semantic,object_recall_at_10,5452,525,0.4669685616882267,0.450370058058235,0.4835344841078022,SODA-A
prompt,hit_at_1,5452,525,0.4922964049889948,0.4638862577068466,0.5215781283845987,SODA-A
prompt,hit_at_5,5452,525,0.7505502567865003,0.7258975417068942,0.7748297718542434,SODA-A
prompt,hit_at_10,5452,525,0.8363903154805576,0.8154275979124713,0.85650911815788,SODA-A
prompt,precision_at_5,5452,525,0.4506236243580332,0.4280306320594191,0.472917122151354,SODA-A
prompt,precision_at_10,5452,525,0.4234042553191491,0.4028206881064193,0.4440589041270257,SODA-A
prompt,recall_at_5,5452,525,0.1030688359539396,0.0959805763716398,0.1105888039786607,SODA-A
prompt,recall_at_10,5452,525,0.1823318381744724,0.1722536338389884,0.1928799804358933,SODA-A
prompt,ndcg_at_5,5452,525,0.46378390289032,0.4410102692616232,0.4862993638264895,SODA-A
prompt,ndcg_at_10,5452,525,0.456158272727181,0.4353445115772568,0.4771355665343723,SODA-A
prompt,object_recall_at_5,5452,525,0.3266530454007595,0.3090932892129442,0.3442343816479506,SODA-A
prompt,object_recall_at_10,5452,525,0.4726817617682686,0.4537710581324613,0.4919623860198337,SODA-A
graph,hit_at_1,5452,525,0.5753851797505503,0.5506448995680099,0.5999279320079794,SODA-A
graph,hit_at_5,5452,525,0.8178650036683786,0.7985764897098695,0.8366414111916457,SODA-A
graph,hit_at_10,5452,525,0.8912325752017608,0.8755646325975545,0.9063612734758396,SODA-A
graph,precision_at_5,5452,525,0.5250550256786498,0.5036752175630449,0.5462259124044818,SODA-A
graph,precision_at_10,5452,525,0.4901504035216437,0.4689893103596204,0.5105403973850523,SODA-A
graph,recall_at_5,5452,525,0.1317968438749561,0.1245932795673947,0.1392264953108274,SODA-A
graph,recall_at_10,5452,525,0.228578241443399,0.2185573495206328,0.2391457947503439,SODA-A
graph,ndcg_at_5,5452,525,0.5421618334475804,0.520729169719151,0.5633440093049257,SODA-A
graph,ndcg_at_10,5452,525,0.534341987020082,0.5143103224183855,0.554201758865155,SODA-A
graph,object_recall_at_5,5452,525,0.4643523325488326,0.4465535483784434,0.4822068440290663,SODA-A
graph,object_recall_at_10,5452,525,0.6261001544673082,0.6089124248795854,0.6431780193706499,SODA-A
priver,hit_at_1,5452,525,0.5942773294203962,0.5652479546095733,0.6235833977243458,SODA-A
priver,hit_at_5,5452,525,0.8275862068965517,0.8048775997701068,0.849128677726065,SODA-A
priver,hit_at_10,5452,525,0.8928833455612619,0.8751762554760176,0.9099038486927225,SODA-A
priver,precision_at_5,5452,525,0.530007336757153,0.5075287598756665,0.552472469957936,SODA-A
priver,precision_at_10,5452,525,0.4983859134262655,0.4764319614189616,0.5197119839435853,SODA-A
priver,recall_at_5,5452,525,0.1339796014966384,0.1259323484592109,0.1422710090256529,SODA-A
priver,recall_at_10,5452,525,0.2338205833485266,0.2227338680526415,0.2454662537203435,SODA-A
priver,ndcg_at_5,5452,525,0.5507342511154313,0.527888347715062,0.5731915018888113,SODA-A
priver,ndcg_at_10,5452,525,0.5449586985952198,0.5238090778811012,0.5659768715498309,SODA-A
priver,object_recall_at_5,5452,525,0.4740399794237445,0.4529873758381162,0.4949204181067214,SODA-A
priver,object_recall_at_10,5452,525,0.6391580247933775,0.6201535851455505,0.6580084178725413,SODA-A
